PDB_ID,Predicted_binding_affinity (kcal/mol),Experimental_binding_affinity (kcal/mol),
1AJU_model1_cleaned.pdb,-6.83,-4.03,-2.8
1ARJ_model1_cleaned.pdb,-8.49,-7.77,-0.72
1BYJ_model1_cleaned.pdb,-8.73,-7.68,-1.05
1EI2_model1_cleaned.pdb,-8.96,-8.73,-0.23
1ET4_cleaned.pdb,-8.75,-7.82,-0.93
1F1T_cleaned.pdb,-8.97,-8.79,-0.18
1I97_cleaned.pdb,-9.03,-9.08,0.05
1I9V_cleaned.pdb,-8.93,-8.72,-0.21
1KOC_model1_cleaned.pdb,-7.55,-6.01,-1.54
1NWX_cleaned.pdb,-10.11,-11.05,0.94
2AU4_model1_cleaned.pdb,-7.82,-8.01,0.19
2BE0_cleaned.pdb,-8.63,-8.83,0.2
2ET5_cleaned.pdb,-7.62,-7.58,-0.04
2F4S_cleaned.pdb,-9.32,-9.21,-0.11
2F4U_cleaned.pdb,-8.96,-8.02,-0.94
2FD0_cleaned.pdb,-8.45,-8.22,-0.23
2G5K_cleaned.pdb,-8.38,-7.99,-0.39
2KTZ_model1_cleaned.pdb,-8.79,-8.12,-0.67
2LWK_model1_cleaned.pdb,-8.73,-9.01,0.28
2M4Q_model1_cleaned.pdb,-8.95,-8.98,0.03
2MIY_model1_cleaned.pdb,-7.93,-8.94,1.01
2N0J_model1_cleaned.pdb,-8.48,-8.47,-0.01
2O3V_cleaned.pdb,-8.71,-8.52,-0.19
2O3W_cleaned.pdb,-8.58,-8.21,-0.37
2OE8_cleaned.pdb,-8.02,-8.08,0.06
2OGM_cleaned.pdb,-8.45,-9.96,1.51
2OGN_cleaned.pdb,-9.47,-10.55,1.08
2QWY_cleaned.pdb,-8.8,-9.26,0.46
2TOB_model1_cleaned.pdb,-8.56,-9.48,0.92
2UUB_cleaned.pdb,-9.63,-11.15,1.52
2XNZ_cleaned.pdb,-7.97,-7.62,-0.35
2XO1_cleaned.pdb,-8.38,-8.82,0.44
3D2X_cleaned.pdb,-8.79,-9.73,0.94
3DIL_cleaned.pdb,-8.8,-9.54,0.74
3GER_cleaned.pdb,-8.24,-7.56,-0.68
3GES_cleaned.pdb,-8.55,-7.63,-0.92
3GOG_cleaned.pdb,-7.89,-7.99,0.1
3GX3_cleaned.pdb,-8.87,-8.56,-0.31
3GX5_cleaned.pdb,-9.04,-10.16,1.12
3JQ4_cleaned.pdb,-8.83,-8.87,0.04
3NPN_cleaned.pdb,-8.9,-8.88,-0.02
3Q50_cleaned.pdb,-9.67,-8.88,-0.79
3T1H_cleaned.pdb,-9.15,-10.92,1.77
4AOB_cleaned.pdb,-8,-8.43,0.43
4ERJ_cleaned.pdb,-7.9,-6.42,-1.48
4ERL_cleaned.pdb,-7.51,-4.42,-3.09
4GXY_cleaned.pdb,-8.63,-7.78,-0.85
4JF2_cleaned.pdb,-8.88,-11.04,2.16
4LVZ_cleaned.pdb,-8.72,-9.05,0.33
4LX6_cleaned.pdb,-9.31,-10.68,1.37
4NYA_cleaned.pdb,-7.72,-6.95,-0.77
4NYD_cleaned.pdb,-8.01,-5.81,-2.2
4NYG_cleaned.pdb,-8.92,-9.64,0.72
4P20_cleaned.pdb,-9.34,-9.95,0.61
4QK9_cleaned.pdb,-8.12,-8.87,0.75
4YAZ_cleaned.pdb,-8.9,-9.43,0.53
5BJO_cleaned.pdb,-9.16,-8.63,-0.53
5C7U_cleaned.pdb,-9.13,-10.13,1
5DM7_cleaned.pdb,-9.02,-10.12,1.1
5LWJ_model1_cleaned.pdb,-8.32,-7.99,-0.33
5UEE_cleaned.pdb,-9.33,-8.66,-0.67
5V3F_cleaned.pdb,-9.95,-11.62,1.67
6E8S_cleaned.pdb,-10.39,-12.59,2.2
6FZ0_cleaned.pdb,-9.63,-9.29,-0.34
6HAG_model1_cleaned.pdb,-8.83,-8.54,-0.29
6PC5_cleaned.pdb,-8.7,-8.55,-0.15
6Q57_cleaned.pdb,-7.78,-6.49,-1.29
6U8F_cleaned.pdb,-8.56,-8.87,0.31
7D12_model1_cleaned.pdb,-8.79,-7.88,-0.91
1AKX_model1_cleaned.pdb,-8.68,-8.92,0.24
