PDB_ID,Predicted_binding_affinity (kcal/mol),Experimental_binding_affinity (kcal/mol)
1AKX_model1_cleaned.pdb,-10.06,-9.67
1DDY_cleaned.pdb,-5.60,-7.62
1EHT_model1_cleaned.pdb,-9.68,-8.86
1EVV_cleaned.pdb,-6.70,-7.91
1F27_cleaned.pdb,-8.06,-8.18
1FG0_cleaned.pdb,-6.51,-7.53
1FMN_model1_cleaned.pdb,-7.48,-8.59
1FYP_model1_cleaned.pdb,-10.67,-7.64
1I95_cleaned.pdb,-6.66,-6.95
1J7T_cleaned.pdb,-7.38,-7.71
1J8G_cleaned.pdb,-11.38,-9.09
1K73_cleaned.pdb,-11.14,-9.54
1K9M_cleaned.pdb,-14.28,-13.67
1KD1_cleaned.pdb,-11.40,-10.83
1KOD_model1_cleaned.pdb,-9.90,-8.69
1LC4_cleaned.pdb,-6.35,-7.11
1LVJ_model1_cleaned.pdb,-7.63,-7.63
1MWL_cleaned.pdb,-9.17,-8.95
1NEM_model1_cleaned.pdb,-12.45,-9.18
1NTB_cleaned.pdb,-9.16,-9.12
1O15_cleaned.pdb,-14.01,-11.36
1OLN_model1_cleaned.pdb,-12.28,-12.12
1P9X_cleaned.pdb,-9.07,-9.13
1PBR_model1_cleaned.pdb,-6.07,-8.31
1Q8N_model1_cleaned.pdb,-9.71,-8.13
1QD3_model1_cleaned.pdb,-7.89,-8.12
1RAW_model1_cleaned.pdb,-7.87,-6.82
1TN2_cleaned.pdb,-13.30,-12.48
1TOB_model1_cleaned.pdb,-10.25,-10.98
1UTS_model1_cleaned.pdb,-5.90,-7.93
1UUD_model1_cleaned.pdb,-4.92,-4.97
1Y27_cleaned.pdb,-7.65,-6.82
1YKV_cleaned.pdb,-7.67,-7.86
1YRJ_cleaned.pdb,-9.64,-10.59
2B57_cleaned.pdb,-8.91,-9.54
2BEE_cleaned.pdb,-7.35,-10.12
2EET_cleaned.pdb,-11.02,-10.3
2ESI_cleaned.pdb,-11.38,-11.63
2ET3_cleaned.pdb,-9.29,-10.85
2ET4_cleaned.pdb,-7.09,-8.59
2ET8_cleaned.pdb,-9.68,-7.71
2F4T_cleaned.pdb,-6.79,-6.79
2FCZ_cleaned.pdb,-5.72,-7.22
2G9C_cleaned.pdb,-5.56,-8.48
2GDI_cleaned.pdb,-10.20,-10.91
2GIS_cleaned.pdb,-9.28,-8.91
2HOL_cleaned.pdb,-8.81,-7.79
2HOO_cleaned.pdb,-8.67,-10.91
2JUK_model1_cleaned.pdb,-7.44,-8.18
2KGP_model1_cleaned.pdb,-8.48,-7.62
2KU0_model1_cleaned.pdb,-9.09,-8.88
2KX8_model1_cleaned.pdb,-6.40,-6.71
2L94_model1_cleaned.pdb,-6.67,-7.22
2MXS_model1_cleaned.pdb,-7.62,-6.71
2O3V_cleaned.pdb,-7.84,-7.22
2O3X_cleaned.pdb,-11.04,-9.37
2OE8_cleaned.pdb,-4.50,-5.55
2OGO_cleaned.pdb,-9.62,-9.27
2XNW_cleaned.pdb,-11.39,-11.86
2XO0_cleaned.pdb,-4.57,-6.01
2YDH_cleaned.pdb,-5.63,-5.85
2YGH_cleaned.pdb,-8.95,-8.84
3B31_cleaned.pdb,-8.67,-8.87
3D0U_cleaned.pdb,-12.81,-12.87
3DLL_cleaned.pdb,-6.57,-7.83
3DS7_cleaned.pdb,-7.87,-8.18
3E5C_cleaned.pdb,-6.56,-6.01
3FO4_cleaned.pdb,-11.54,-12.6
3FO6_cleaned.pdb,-8.55,-9.79
3FU2_cleaned.pdb,-7.61,-6.26
3G4M_cleaned.pdb,-8.48,-10.03
3GAO_cleaned.pdb,-6.82,-7.19
3GOT_cleaned.pdb,-5.27,-6.56
3GX7_cleaned.pdb,-7.49,-8.51
3K1V_cleaned.pdb,-7.72,-7.15
3LA5_cleaned.pdb,-9.07,-10.03
3MUM_cleaned.pdb,-8.56,-8.18
3MUT_cleaned.pdb,-15.29,-13.8
3MXH_cleaned.pdb,-7.97,-6.96
3NPQ_cleaned.pdb,-10.85,-11.42
3OWZ_cleaned.pdb,-11.21,-10.26
3Q3Z_cleaned.pdb,-6.41,-8.04
3RKF_cleaned.pdb,-6.92,-8.12
3S4P_cleaned.pdb,-6.83,-8.18
3SD3_cleaned.pdb,-6.13,-6.26
3SKI_cleaned.pdb,-9.28,-9.54
3SLM_cleaned.pdb,-5.68,-4.47
3SUX_cleaned.pdb,-6.82,-7.83
3TRA_cleaned.pdb,-6.44,-6.82
4FAU_cleaned.pdb,-11.81,-12.38
4FB0_cleaned.pdb,-7.96,-9.67
4FE5_cleaned.pdb,-8.98,-8.37
4GKK_cleaned.pdb,-10.34,-10.21
4GPY_cleaned.pdb,-11.00,-11.33
4KQY_cleaned.pdb,-12.19,-11.25
4L81_cleaned.pdb,-7.27,-7.08
4LVV_cleaned.pdb,-8.16,-8.66
4LVW_cleaned.pdb,-6.05,-5.72
4LVX_cleaned.pdb,-5.83,-7.15
4LVY_cleaned.pdb,-8.69,-7.16
4LW0_cleaned.pdb,-6.00,-7.13
4LX5_cleaned.pdb,-9.10,-9.77
4NYB_cleaned.pdb,-6.66,-6.09
4NYC_cleaned.pdb,-6.16,-5.23
4OQU_cleaned.pdb,-10.81,-8.71
4QK8_cleaned.pdb,-8.66,-7.86
4QLM_cleaned.pdb,-8.40,-9.46
4QLN_cleaned.pdb,-8.00,-7.94
4RZD_cleaned.pdb,-7.76,-8.93
4TS0_cleaned.pdb,-9.19,-8.56
4TS2_cleaned.pdb,-7.85,-8.56
4V7V_cleaned.pdb,-7.67,-6.95
4W90_cleaned.pdb,-11.21,-10.23
4W92_cleaned.pdb,-7.73,-7.62
4XWF_cleaned.pdb,-8.81,-8.14
4YB0_cleaned.pdb,-8.97,-7.41
4ZC7_cleaned.pdb,-8.55,-8.37
4ZNP_cleaned.pdb,-5.80,-5.91
5BJP_cleaned.pdb,-6.47,-7.75
5BTP_cleaned.pdb,-6.66,-7.61
5C45_cleaned.pdb,-9.92,-11.15
5C7W_cleaned.pdb,-8.89,-9.62
5FK4_cleaned.pdb,-8.28,-8.62
5KPY_cleaned.pdb,-8.62,-7.38
5WNV_cleaned.pdb,-12.35,-12.5
5XZ1_cleaned.pdb,-5.92,-6.52
5Z1I_cleaned.pdb,-7.46,-8.93
6AZ1_cleaned.pdb,-8.36,-9.05
6C63_cleaned.pdb,-10.58,-11.83
6C64_cleaned.pdb,-14.29,-13.25
6C65_cleaned.pdb,-13.10,-12.77
6C8E_cleaned.pdb,-8.79,-9.22
6CK4_cleaned.pdb,-8.58,-9.75
6CK5_cleaned.pdb,-7.83,-7.68
6D2U_model1_cleaned.pdb,-13.37,-13.29
6DLT_cleaned.pdb,-5.29,-5.98
6DMC_cleaned.pdb,-9.76,-8.62
6E81_cleaned.pdb,-5.91,-7.53
6E84_cleaned.pdb,-8.87,-7.98
6E8T_cleaned.pdb,-12.42,-10.48
6E8U_cleaned.pdb,-11.89,-11.9
6GZK_model1_cleaned.pdb,-7.32,-9.04
6HBT_cleaned.pdb,-7.16,-7.75
6HMO_model1_cleaned.pdb,-5.45,-6.21
6P2H_cleaned.pdb,-10.23,-10.27
6QN3_cleaned.pdb,-5.16,-5.01
6TB7_cleaned.pdb,-10.55,-8.99
6TF2_cleaned.pdb,-11.30,-9.02
6U89_cleaned.pdb,-7.84,-8.04
6UBU_cleaned.pdb,-9.99,-11.32
6VUI_cleaned.pdb,-9.04,-9.39
6WQQ_cleaned.pdb,-11.69,-12.32
6WZR_cleaned.pdb,-9.38,-10.98
6XKN_cleaned.pdb,-6.96,-7.29
6XKO_cleaned.pdb,-7.88,-7.76
7D7W_cleaned.pdb,-6.14,-5.31
7D7X_cleaned.pdb,-3.44,-5.48
7D7Y_cleaned.pdb,-4.99,-5.52
7E9I_cleaned.pdb,-10.84,-9.89
7EOI_cleaned.pdb,-10.67,-9.49
7S1H_cleaned.pdb,-12.61,-6.88
7TD7_cleaned.pdb,-11.55,-10.5
7TDA_cleaned.pdb,-7.64,-9.51
7TDB_cleaned.pdb,-14.36,-11.58
