PDB_ID,Experimental_binding_affinity (kcal/mol),Predicted_binding_affinity (kcal/mol)
1AKX_model1_cleaned.pdb,-9.67,-9.01
1DDY_cleaned.pdb,-7.62,-7.32
1EHT_model1_cleaned.pdb,-8.86,-8.57
1EVV_cleaned.pdb,-7.91,-6.82
1F27_cleaned.pdb,-8.18,-8.12
1FG0_cleaned.pdb,-7.53,-4.54
1FMN_model1_cleaned.pdb,-8.59,-8.55
1FYP_model1_cleaned.pdb,-7.64,-7.97
1I95_cleaned.pdb,-6.95,-7.92
1J7T_cleaned.pdb,-7.71,-7.23
1J8G_cleaned.pdb,-9.09,-8.25
1K73_cleaned.pdb,-9.54,-9.56
1K9M_cleaned.pdb,-13.67,-12.11
1KD1_cleaned.pdb,-10.83,-8.75
1KOD_model1_cleaned.pdb,-8.69,-6.91
1LC4_cleaned.pdb,-7.11,-6.92
1LVJ_model1_cleaned.pdb,-7.63,-8.99
1MWL_cleaned.pdb,-8.95,-7.26
1NEM_model1_cleaned.pdb,-11.54,-9.91
1NTB_cleaned.pdb,-9.18,-8.5
1O15_cleaned.pdb,-9.12,-7.49
1OLN_model1_cleaned.pdb,-11.36,-9.82
1P9X_cleaned.pdb,-12.12,-11.99
1PBR_model1_cleaned.pdb,-9.13,-10.62
1Q8N_model1_cleaned.pdb,-8.31,-8.67
1QD3_model1_cleaned.pdb,-8.13,-7.98
1RAW_model1_cleaned.pdb,-8.12,-9.05
1TN2_cleaned.pdb,-6.82,-6.67
1TOB_model1_cleaned.pdb,-12.48,-12.31
1UTS_model1_cleaned.pdb,-10.98,-9.82
1UUD_model1_cleaned.pdb,-7.93,-8.08
1Y27_cleaned.pdb,-4.97,-5.66
1YKV_cleaned.pdb,-6.82,-7.64
1YRJ_cleaned.pdb,-7.86,-5.95
2B57_cleaned.pdb,-10.59,-9.78
2BEE_cleaned.pdb,-9.54,-9.38
2EET_cleaned.pdb,-10.12,-9.09
2ESI_cleaned.pdb,-10.3,-9.96
2ET3_cleaned.pdb,-11.63,-12.36
2ET4_cleaned.pdb,-10.85,-9.68
2ET8_cleaned.pdb,-8.59,-8.24
2F4T_cleaned.pdb,-7.71,-7.7
2FCZ_cleaned.pdb,-6.79,-6.96
2G9C_cleaned.pdb,-7.22,-6.96
2GDI_cleaned.pdb,-8.48,-9.07
2GIS_cleaned.pdb,-10.91,-10.91
2HOL_cleaned.pdb,-8.91,-9.36
2HOO_cleaned.pdb,-7.79,-8.21
2JUK_model1_cleaned.pdb,-10.91,-10.91
2KGP_model1_cleaned.pdb,-8.18,-8.25
2KU0_model1_cleaned.pdb,-7.62,-7.59
2KX8_model1_cleaned.pdb,-8.88,-7.34
2L94_model1_cleaned.pdb,-6.71,-4.69
2MXS_model1_cleaned.pdb,-7.22,-7.67
2O3V_cleaned.pdb,-9.37,-8.11
2O3X_cleaned.pdb,-5.55,-5.67
2OE8_cleaned.pdb,-9.27,-9.12
2OGO_cleaned.pdb,-11.86,-12.13
2XNW_cleaned.pdb,-6.01,-5.95
2XO0_cleaned.pdb,-5.85,-5.88
2YDH_cleaned.pdb,-8.84,-9.27
2YGH_cleaned.pdb,-8.87,-9.43
3B31_cleaned.pdb,-12.87,-12.3
3D0U_cleaned.pdb,-7.83,-7.29
3DLL_cleaned.pdb,-8.18,-8.21
3DS7_cleaned.pdb,-6.01,-6.64
3E5C_cleaned.pdb,-12.6,-12.58
3FO4_cleaned.pdb,-9.79,-9.48
3FO6_cleaned.pdb,-6.26,-6.33
3FU2_cleaned.pdb,-10.03,-9.48
3G4M_cleaned.pdb,-7.19,-6.79
3GAO_cleaned.pdb,-6.56,-6.76
3GOT_cleaned.pdb,-8.51,-8.32
3GX7_cleaned.pdb,-7.15,-6.81
3K1V_cleaned.pdb,-10.03,-10.04
3LA5_cleaned.pdb,-8.18,-7.55
3MUM_cleaned.pdb,-13.8,-11.89
3MUT_cleaned.pdb,-6.96,-7.38
3MXH_cleaned.pdb,-11.42,-10.63
3NPQ_cleaned.pdb,-10.26,-9.95
3OWZ_cleaned.pdb,-8.04,-7.18
3Q3Z_cleaned.pdb,-11.81,-11.91
3RKF_cleaned.pdb,-8.12,-7.11
3S4P_cleaned.pdb,-8.18,-8.32
3SD3_cleaned.pdb,-6.26,-6.23
3SKI_cleaned.pdb,-9.54,-9.22
3SLM_cleaned.pdb,-4.47,-5.22
3SUX_cleaned.pdb,-7.83,-7.33
3TRA_cleaned.pdb,-6.82,-6.25
4FAU_cleaned.pdb,-12.38,-11.23
4FB0_cleaned.pdb,-9.67,-9.81
4FE5_cleaned.pdb,-8.37,-8.39
4GKK_cleaned.pdb,-10.21,-10.9
4GPY_cleaned.pdb,-11.33,-10.99
4KQY_cleaned.pdb,-11.25,-11.45
4L81_cleaned.pdb,-7.08,-7.34
4LVV_cleaned.pdb,-8.66,-8.3
4LVW_cleaned.pdb,-5.72,-5.46
4LVX_cleaned.pdb,-7.15,-6.82
4LVY_cleaned.pdb,-7.16,-6.77
4LW0_cleaned.pdb,-7.13,-6.51
4LX5_cleaned.pdb,-9.77,-9.44
4NYB_cleaned.pdb,-6.09,-5.96
4NYC_cleaned.pdb,-5.23,-4.56
4OQU_cleaned.pdb,-8.71,-8.69
4QK8_cleaned.pdb,-7.86,-8.25
4QLM_cleaned.pdb,-9.46,-9.31
4QLN_cleaned.pdb,-7.94,-8.13
4RZD_cleaned.pdb,-8.93,-8.7
4TS0_cleaned.pdb,-8.56,-8.52
4TS2_cleaned.pdb,-8.56,-8.23
4V7V_cleaned.pdb,-6.95,-5.93
4W90_cleaned.pdb,-10.23,-10.1
4W92_cleaned.pdb,-7.62,-7.98
4XWF_cleaned.pdb,-8.14,-7.77
4YB0_cleaned.pdb,-7.41,-6.05
4ZC7_cleaned.pdb,-8.37,-8.04
4ZNP_cleaned.pdb,-5.91,-5.77
5BJP_cleaned.pdb,-7.75,-8.29
5BTP_cleaned.pdb,-7.61,-7.04
5C45_cleaned.pdb,-11.15,-11.54
5C7W_cleaned.pdb,-9.62,-9.24
5FK4_cleaned.pdb,-8.62,-8.96
5KPY_cleaned.pdb,-7.38,-7.05
5WNV_cleaned.pdb,-12.5,-12.56
5XZ1_cleaned.pdb,-6.52,-6.66
5Z1I_cleaned.pdb,-8.93,-8.74
6AZ1_cleaned.pdb,-9.05,-9.59
6C63_cleaned.pdb,-11.83,-13.3
6C64_cleaned.pdb,-13.25,-13.51
6C65_cleaned.pdb,-12.77,-14.12
6C8E_cleaned.pdb,-9.22,-8.72
6CK4_cleaned.pdb,-9.75,-7.68
6CK5_cleaned.pdb,-7.68,-7.4
6D2U_model1_cleaned.pdb,-13.29,-12.22
6DLT_cleaned.pdb,-5.98,-5.8
6DMC_cleaned.pdb,-8.62,-8.15
6E81_cleaned.pdb,-7.53,-7.41
6E84_cleaned.pdb,-7.98,-8.38
6E8T_cleaned.pdb,-10.48,-11.19
6E8U_cleaned.pdb,-11.9,-12.35
6GZK_model1_cleaned.pdb,-9.04,-9.52
6HBT_cleaned.pdb,-7.75,-7.98
6HMO_model1_cleaned.pdb,-6.21,-6.64
6P2H_cleaned.pdb,-10.27,-9.85
6QN3_cleaned.pdb,-5.01,-4.95
6TB7_cleaned.pdb,-8.99,-8.52
6TF2_cleaned.pdb,-9.02,-8.22
6U89_cleaned.pdb,-8.04,-8.01
6UBU_cleaned.pdb,-11.32,-10.49
6VUI_cleaned.pdb,-9.39,-9.62
6WQQ_cleaned.pdb,-12.32,-10.02
6WZR_cleaned.pdb,-10.98,-9.51
6XKN_cleaned.pdb,-7.29,-7.37
6XKO_cleaned.pdb,-7.76,-7.68
7D7W_cleaned.pdb,-5.31,-5.03
7D7X_cleaned.pdb,-5.48,-5.07
7D7Y_cleaned.pdb,-5.52,-5.1
7E9I_cleaned.pdb,-9.89,-10.14
7EOI_cleaned.pdb,-9.49,-9.48
7S1H_cleaned.pdb,-6.88,-4.42
7TD7_cleaned.pdb,-10.5,-10.31
7TDA_cleaned.pdb,-9.51,-9.78
7TDB_cleaned.pdb,-11.58,-11.2
