PDB_ID,Predicted_binding_affinity (kcal/mol),Experimental_binding_affinity (kcal/mol)
1AJU_model1_cleaned.pdb,-3.61,-4.03
1ARJ_model1_cleaned.pdb,-6.33,-7.77
1BYJ_model1_cleaned.pdb,-8.51,-7.68
1EI2_model1_cleaned.pdb,-8.55,-8.73
1ET4_cleaned.pdb,-7.95,-7.82
1F1T_cleaned.pdb,-8.53,-8.79
1I97_cleaned.pdb,-8.78,-9.08
1I9V_cleaned.pdb,-8.45,-8.72
1KOC_model1_cleaned.pdb,-5.99,-6.01
1NWX_cleaned.pdb,-10.99,-11.05
2AU4_model1_cleaned.pdb,-7.97,-8.01
2BE0_cleaned.pdb,-8.61,-8.83
2ET5_cleaned.pdb,-7.89,-7.58
2F4S_cleaned.pdb,-8.31,-9.21
2F4U_cleaned.pdb,-8.09,-8.02
2FD0_cleaned.pdb,-7.89,-8.22
2G5K_cleaned.pdb,-7.65,-7.99
2KTZ_model1_cleaned.pdb,-7.59,-8.12
2LWK_model1_cleaned.pdb,-8.25,-9.01
2M4Q_model1_cleaned.pdb,-8.25,-8.98
2MIY_model1_cleaned.pdb,-8.68,-8.94
2N0J_model1_cleaned.pdb,-8.38,-8.47
2O3V_cleaned.pdb,-7.61,-8.52
2O3W_cleaned.pdb,-7.98,-8.21
2OE8_cleaned.pdb,-8.12,-8.08
2OGM_cleaned.pdb,-9.36,-9.96
2OGN_cleaned.pdb,-9.15,-10.55
2QWY_cleaned.pdb,-8.9,-9.26
2TOB_model1_cleaned.pdb,-9.04,-9.48
2UUB_cleaned.pdb,-10.83,-11.15
2XNZ_cleaned.pdb,-7.44,-7.62
2XO1_cleaned.pdb,-8.26,-8.82
3D2X_cleaned.pdb,-9.21,-9.73
3DIL_cleaned.pdb,-8.79,-9.54
3GER_cleaned.pdb,-7.78,-7.56
3GES_cleaned.pdb,-7.26,-7.63
3GOG_cleaned.pdb,-7.79,-7.99
3GX3_cleaned.pdb,-8.15,-8.56
3GX5_cleaned.pdb,-10.51,-10.16
3JQ4_cleaned.pdb,-8.64,-8.87
3NPN_cleaned.pdb,-8.52,-8.88
3Q50_cleaned.pdb,-8.65,-8.88
3T1H_cleaned.pdb,-10.87,-10.92
4AOB_cleaned.pdb,-9.42,-8.43
4ERJ_cleaned.pdb,-7.68,-6.42
4ERL_cleaned.pdb,-3.94,-4.42
4GXY_cleaned.pdb,-7.93,-7.78
4JF2_cleaned.pdb,-10.22,-11.04
4LVZ_cleaned.pdb,-6.66,-9.05
4LX6_cleaned.pdb,-8.81,-10.68
4NYA_cleaned.pdb,-6.89,-6.95
4NYD_cleaned.pdb,-5.85,-5.81
4NYG_cleaned.pdb,-9.15,-9.64
4P20_cleaned.pdb,-8.33,-9.95
4QK9_cleaned.pdb,-8.64,-8.87
4YAZ_cleaned.pdb,-7.85,-9.43
5BJO_cleaned.pdb,-8.48,-8.63
5C7U_cleaned.pdb,-8.27,-10.13
5DM7_cleaned.pdb,-9.68,-10.12
5LWJ_model1_cleaned.pdb,-8.32,-7.99
5UEE_cleaned.pdb,-8.58,-8.66
5V3F_cleaned.pdb,-11.05,-11.62
6E8S_cleaned.pdb,-11.02,-12.59
6FZ0_cleaned.pdb,-9.38,-9.29
6HAG_model1_cleaned.pdb,-8.43,-8.54
6PC5_cleaned.pdb,-8.63,-8.55
6Q57_cleaned.pdb,-7.08,-6.49
6U8F_cleaned.pdb,-8.82,-8.87
7D12_model1_cleaned.pdb,-7.99,-7.88
1AKX_model1_cleaned.pdb,-8.65,-8.67
