PDB_ID,Experimental_binding_affinity (kcal/mol),Predicted_binding_affinity (kcal/mol)
1AJU_model1_cleaned.pdb,-4.03,-3.33
1ARJ_model1_cleaned.pdb,-7.77,-4.52
1BYJ_model1_cleaned.pdb,-7.68,-6.65
1EI2_model1_cleaned.pdb,-8.73,-6.77
1ET4_cleaned.pdb,-7.82,-7.66
1F1T_cleaned.pdb,-8.79,-8.58
1I97_cleaned.pdb,-9.08,-7.05
1I9V_cleaned.pdb,-8.72,-7.52
1KOC_model1_cleaned.pdb,-6.01,-6.18
1NWX_cleaned.pdb,-11.05,-9.95
2AU4_model1_cleaned.pdb,-8.01,-8.07
2BE0_cleaned.pdb,-8.83,-8.85
2ET5_cleaned.pdb,-7.58,-6.96
2F4S_cleaned.pdb,-9.21,-6.66
2F4U_cleaned.pdb,-8.02,-9.34
2FD0_cleaned.pdb,-8.22,-8.37
2G5K_cleaned.pdb,-7.99,-7.6
2KTZ_model1_cleaned.pdb,-8.12,-7.4
2LWK_model1_cleaned.pdb,-9.01,-9.47
2M4Q_model1_cleaned.pdb,-8.98,-7.94
2MIY_model1_cleaned.pdb,-8.94,-7.03
2N0J_model1_cleaned.pdb,-8.47,-8.27
2O3V_cleaned.pdb,-8.52,-8.03
2O3W_cleaned.pdb,-8.21,-9.22
2OE8_cleaned.pdb,-8.08,-8.22
2OGM_cleaned.pdb,-9.96,-9.35
2OGN_cleaned.pdb,-10.55,-17.17
2QWY_cleaned.pdb,-9.26,-6.42
2TOB_model1_cleaned.pdb,-9.48,-9.61
2UUB_cleaned.pdb,-11.15,-10.88
2XNZ_cleaned.pdb,-7.62,-7.84
2XO1_cleaned.pdb,-8.82,-5.53
3D2X_cleaned.pdb,-9.73,-9.26
3DIL_cleaned.pdb,-9.54,-10.12
3GER_cleaned.pdb,-7.56,-6.36
3GES_cleaned.pdb,-7.63,-8.47
3GOG_cleaned.pdb,-7.99,-7.38
3GX3_cleaned.pdb,-8.56,-10.09
3GX5_cleaned.pdb,-10.16,-10.98
3JQ4_cleaned.pdb,-8.87,-8.23
3NPN_cleaned.pdb,-8.88,-7.7
3Q50_cleaned.pdb,-8.88,-8.26
3T1H_cleaned.pdb,-10.92,-10.49
4AOB_cleaned.pdb,-8.43,-8.31
4ERJ_cleaned.pdb,-6.42,-7.58
4ERL_cleaned.pdb,-4.42,-4.92
4GXY_cleaned.pdb,-7.78,-7.85
4JF2_cleaned.pdb,-11.04,-9.43
4LVZ_cleaned.pdb,-9.05,-8.25
4LX6_cleaned.pdb,-10.68,-11.91
4NYA_cleaned.pdb,-6.95,-6.28
4NYD_cleaned.pdb,-5.81,-5.9
4NYG_cleaned.pdb,-9.64,-9.83
4P20_cleaned.pdb,-9.95,-8.84
4QK9_cleaned.pdb,-8.87,-7.4
4YAZ_cleaned.pdb,-9.43,-8.03
5BJO_cleaned.pdb,-8.63,-9.04
5C7U_cleaned.pdb,-10.13,-9.93
5DM7_cleaned.pdb,-10.12,-9.28
5LWJ_model1_cleaned.pdb,-7.99,-6.61
5UEE_cleaned.pdb,-8.66,-8.71
5V3F_cleaned.pdb,-11.62,-11.22
6E8S_cleaned.pdb,-12.59,-10.07
6FZ0_cleaned.pdb,-9.29,-10.02
6HAG_model1_cleaned.pdb,-8.54,-7.3
6PC5_cleaned.pdb,-8.55,-6.77
6Q57_cleaned.pdb,-6.49,-6.24
6U8F_cleaned.pdb,-8.87,-7.42
7D12_model1_cleaned.pdb,-7.88,-7.12
1AKX_model1_cleaned.pdb,-8.67,-8.88
