PDB_ID,Predicted_binding_affinity (kcal/mol),Experimental_binding_affinity (kcal/mol)
1AKX_model1_cleaned.pdb,-5.86,-9.67
1DDY_cleaned.pdb,-9.88,-7.62
1EHT_model1_cleaned.pdb,-9.41,-8.86
1EVV_cleaned.pdb,-6.90,-7.91
1F27_cleaned.pdb,-9.88,-8.18
1FG0_cleaned.pdb,-8.76,-7.53
1FMN_model1_cleaned.pdb,-9.07,-8.59
1FYP_model1_cleaned.pdb,-8.46,-7.64
1I95_cleaned.pdb,-5.98,-6.95
1J7T_cleaned.pdb,-8.95,-7.71
1J8G_cleaned.pdb,-9.53,-9.09
1K73_cleaned.pdb,-9.59,-9.54
1K9M_cleaned.pdb,-12.94,-13.67
1KD1_cleaned.pdb,-9.42,-10.83
1KOD_model1_cleaned.pdb,-7.99,-8.69
1LC4_cleaned.pdb,-4.98,-7.11
1LVJ_model1_cleaned.pdb,-7.84,-7.63
1MWL_cleaned.pdb,-6.01,-8.95
1NEM_model1_cleaned.pdb,-7.00,-9.18
1NTB_cleaned.pdb,-8.96,-9.12
1O15_cleaned.pdb,-12.91,-11.36
1OLN_model1_cleaned.pdb,-9.02,-12.12
1P9X_cleaned.pdb,-11.82,-9.13
1PBR_model1_cleaned.pdb,-4.62,-8.31
1Q8N_model1_cleaned.pdb,-5.89,-8.13
1QD3_model1_cleaned.pdb,-9.50,-8.12
1RAW_model1_cleaned.pdb,-7.48,-6.82
1TN2_cleaned.pdb,-13.47,-12.48
1TOB_model1_cleaned.pdb,-11.33,-10.98
1UTS_model1_cleaned.pdb,-9.09,-7.93
1UUD_model1_cleaned.pdb,-8.61,-4.97
1Y27_cleaned.pdb,-7.07,-6.82
1YKV_cleaned.pdb,-8.59,-7.86
1YRJ_cleaned.pdb,-10.23,-10.59
2B57_cleaned.pdb,-4.61,-9.54
2BEE_cleaned.pdb,-11.14,-10.12
2EET_cleaned.pdb,-8.14,-10.3
2ESI_cleaned.pdb,-10.27,-11.63
2ET3_cleaned.pdb,-4.30,-10.85
2ET4_cleaned.pdb,-8.24,-8.59
2ET8_cleaned.pdb,-6.39,-7.71
2F4T_cleaned.pdb,-7.93,-6.79
2FCZ_cleaned.pdb,-7.97,-7.22
2G9C_cleaned.pdb,-7.61,-8.48
2GDI_cleaned.pdb,-10.58,-10.91
2GIS_cleaned.pdb,-11.08,-8.91
2HOL_cleaned.pdb,-10.62,-7.79
2HOO_cleaned.pdb,-11.40,-10.91
2JUK_model1_cleaned.pdb,-9.51,-8.18
2KGP_model1_cleaned.pdb,-7.06,-7.62
2KU0_model1_cleaned.pdb,-9.10,-8.88
2KX8_model1_cleaned.pdb,-7.42,-6.71
2L94_model1_cleaned.pdb,-4.23,-7.22
2MXS_model1_cleaned.pdb,-5.54,-6.71
2O3V_cleaned.pdb,-6.03,-7.22
2O3X_cleaned.pdb,-6.88,-9.37
2OE8_cleaned.pdb,-4.64,-5.55
2OGO_cleaned.pdb,-10.14,-9.27
2XNW_cleaned.pdb,-12.86,-11.86
2XO0_cleaned.pdb,-4.92,-6.01
2YDH_cleaned.pdb,-8.18,-5.85
2YGH_cleaned.pdb,-8.93,-8.84
3B31_cleaned.pdb,-11.32,-8.87
3D0U_cleaned.pdb,-12.76,-12.87
3DLL_cleaned.pdb,-6.86,-7.83
3DS7_cleaned.pdb,-7.86,-8.18
3E5C_cleaned.pdb,-4.95,-6.01
3FO4_cleaned.pdb,-10.38,-12.6
3FO6_cleaned.pdb,-9.95,-9.79
3FU2_cleaned.pdb,-3.09,-6.26
3G4M_cleaned.pdb,-9.79,-10.03
3GAO_cleaned.pdb,-6.12,-7.19
3GOT_cleaned.pdb,-7.25,-6.56
3GX7_cleaned.pdb,-6.68,-8.51
3K1V_cleaned.pdb,-5.97,-7.15
3LA5_cleaned.pdb,-8.37,-10.03
3MUM_cleaned.pdb,-8.12,-8.18
3MUT_cleaned.pdb,-15.22,-13.8
3MXH_cleaned.pdb,-6.44,-6.96
3NPQ_cleaned.pdb,-13.34,-11.42
3OWZ_cleaned.pdb,-10.64,-10.26
3Q3Z_cleaned.pdb,-7.82,-8.04
3RKF_cleaned.pdb,-5.43,-8.12
3S4P_cleaned.pdb,-7.82,-8.18
3SD3_cleaned.pdb,-6.10,-6.26
3SKI_cleaned.pdb,-9.61,-9.54
3SLM_cleaned.pdb,-5.99,-4.47
3SUX_cleaned.pdb,-7.73,-7.83
3TRA_cleaned.pdb,-6.70,-6.82
4FAU_cleaned.pdb,-13.47,-12.38
4FB0_cleaned.pdb,-11.01,-9.67
4FE5_cleaned.pdb,-8.91,-8.37
4GKK_cleaned.pdb,-10.14,-10.21
4GPY_cleaned.pdb,-15.85,-11.33
4KQY_cleaned.pdb,-12.44,-11.25
4L81_cleaned.pdb,-6.75,-7.08
4LVV_cleaned.pdb,-8.05,-8.66
4LVW_cleaned.pdb,-5.58,-5.72
4LVX_cleaned.pdb,-7.79,-7.15
4LVY_cleaned.pdb,-6.49,-7.16
4LW0_cleaned.pdb,-7.35,-7.13
4LX5_cleaned.pdb,-11.11,-9.77
4NYB_cleaned.pdb,-4.92,-6.09
4NYC_cleaned.pdb,-4.83,-5.23
4OQU_cleaned.pdb,-8.84,-8.71
4QK8_cleaned.pdb,-9.64,-7.86
4QLM_cleaned.pdb,-10.30,-9.46
4QLN_cleaned.pdb,-5.66,-7.94
4RZD_cleaned.pdb,-10.63,-8.93
4TS0_cleaned.pdb,-8.84,-8.56
4TS2_cleaned.pdb,-8.58,-8.56
4V7V_cleaned.pdb,-6.59,-6.95
4W90_cleaned.pdb,-11.92,-10.23
4W92_cleaned.pdb,-7.42,-7.62
4XWF_cleaned.pdb,-10.05,-8.14
4YB0_cleaned.pdb,-7.30,-7.41
4ZC7_cleaned.pdb,-9.11,-8.37
4ZNP_cleaned.pdb,-6.89,-5.91
5BJP_cleaned.pdb,-6.81,-7.75
5BTP_cleaned.pdb,-7.88,-7.61
5C45_cleaned.pdb,-10.61,-11.15
5C7W_cleaned.pdb,-9.05,-9.62
5FK4_cleaned.pdb,-7.18,-8.62
5KPY_cleaned.pdb,-8.75,-7.38
5WNV_cleaned.pdb,-11.46,-12.5
5XZ1_cleaned.pdb,-6.50,-6.52
5Z1I_cleaned.pdb,-9.36,-8.93
6AZ1_cleaned.pdb,-10.35,-9.05
6C63_cleaned.pdb,-11.14,-11.83
6C64_cleaned.pdb,-14.29,-13.25
6C65_cleaned.pdb,-12.18,-12.77
6C8E_cleaned.pdb,-7.04,-9.22
6CK4_cleaned.pdb,-8.64,-9.75
6CK5_cleaned.pdb,-6.11,-7.68
6D2U_model1_cleaned.pdb,-14.10,-13.29
6DLT_cleaned.pdb,-5.12,-5.98
6DMC_cleaned.pdb,-9.91,-8.62
6E81_cleaned.pdb,-7.79,-7.53
6E84_cleaned.pdb,-6.01,-7.98
6E8T_cleaned.pdb,-11.17,-10.48
6E8U_cleaned.pdb,-10.64,-11.9
6GZK_model1_cleaned.pdb,-7.89,-9.04
6HBT_cleaned.pdb,-6.54,-7.75
6HMO_model1_cleaned.pdb,-7.64,-6.21
6P2H_cleaned.pdb,-9.68,-10.27
6QN3_cleaned.pdb,-5.19,-5.01
6TB7_cleaned.pdb,-7.76,-8.99
6TF2_cleaned.pdb,-10.89,-9.02
6U89_cleaned.pdb,-7.62,-8.04
6UBU_cleaned.pdb,-11.06,-11.32
6VUI_cleaned.pdb,-11.64,-9.39
6WQQ_cleaned.pdb,-13.32,-12.32
6WZR_cleaned.pdb,-13.05,-10.98
6XKN_cleaned.pdb,-8.11,-7.29
6XKO_cleaned.pdb,-7.14,-7.76
7D7W_cleaned.pdb,-5.09,-5.31
7D7X_cleaned.pdb,-5.29,-5.48
7D7Y_cleaned.pdb,-6.69,-5.52
7E9I_cleaned.pdb,-8.62,-9.89
7EOI_cleaned.pdb,-9.51,-9.49
7S1H_cleaned.pdb,-8.84,-6.88
7TD7_cleaned.pdb,-9.44,-10.5
7TDA_cleaned.pdb,-10.63,-9.51
7TDB_cleaned.pdb,-10.32,-11.58
